,f1_weighted_mean,f1_weighted_std,delta_vs_baseline
with_engineered_features,0.8534729858239714,0.006836550325169447,0.005161707693077111
without_engineered_features,0.8483112781308942,0.0031805128385595472,0.0
