,train_f1_weighted,test_f1_weighted,test_accuracy,leakage_premium
leakage_free (shipped policy),0.9529295496966951,0.8579014348753791,0.8609513852587559,0.0
WITH robovetter flags (leakage),0.9846729556915151,0.9469076574237083,0.9472033455305803,0.08900622254832924
